City_ID,City,Country,Lat,Lng,Max Temp,Humidity,Cloudiness,Wind Speed,Current Description
0,Touros,BR,-5.1989,-35.4608,79.7,77,57,12.01,broken clouds
1,Katobu,ID,-4.9408,122.5276,87.31,65,78,2.55,broken clouds
2,San Nicolas,PH,18.1725,120.5953,79.95,68,100,12.12,overcast clouds
3,Barrow,US,71.2906,-156.7887,-2.18,71,90,8.05,overcast clouds
4,Cascais,PT,38.6979,-9.4215,52.05,65,97,1.01,overcast clouds
5,Mbuji-Mayi,CD,-6.15,23.6,67.28,93,42,2.08,scattered clouds
6,Bluff,NZ,-46.6,168.3333,66.79,64,61,16.17,moderate rain
7,Marondera,ZW,-18.1853,31.5519,54.54,95,100,4.65,overcast clouds
8,Hobart,AU,-42.8794,147.3294,64.26,58,75,5.01,broken clouds
9,Ushuaia,AR,-54.8,-68.3,44.26,100,75,39.12,moderate rain
10,Qrendi,MT,35.8347,14.4583,50.11,53,20,9.22,few clouds
11,Lompoc,US,34.6391,-120.4579,51.12,93,1,0.0,clear sky
12,Rikitea,PF,-23.1203,-134.9692,77.5,74,100,12.33,light rain
13,Yarada,IN,17.65,83.2667,79.12,47,5,4.61,haze
14,Basco,PH,20.4487,121.9702,72.99,76,100,31.03,overcast clouds
15,Boyolangu,ID,-8.1181,111.8935,88.81,63,89,1.57,overcast clouds
16,Nikolskoye,RU,59.7035,30.7861,33.69,95,100,11.54,light snow
17,Vaini,TO,-21.2,-175.2,84.36,89,20,10.36,few clouds
18,Saint-Joseph,RE,-21.3667,55.6167,83.1,69,57,4.68,broken clouds
19,Soyo,AO,-6.1349,12.3689,76.59,91,100,6.17,overcast clouds
20,Saint George,US,37.1041,-113.5841,35.8,70,1,1.01,clear sky
21,Coihaique,CL,-45.5752,-72.0662,59.61,63,5,3.44,clear sky
22,Qaanaaq,GL,77.484,-69.3632,9.3,75,100,8.23,overcast clouds
23,Torbay,CA,47.6666,-52.7314,26.58,74,100,11.01,overcast clouds
24,Cherskiy,RU,68.75,161.3,-20.88,96,100,1.05,overcast clouds
25,Jamestown,US,42.097,-79.2353,33.12,98,90,7.0,light snow
26,Provideniya,RU,64.3833,-173.3,3.69,97,100,19.19,light snow
27,Longyearbyen,SJ,78.2186,15.6401,22.84,80,20,5.75,few clouds
28,Port Blair,IN,11.6667,92.75,83.5,67,86,12.71,overcast clouds
29,Juneau,US,58.3019,-134.4197,26.22,91,75,0.0,broken clouds
30,New Norfolk,AU,-42.7826,147.0587,63.9,49,100,4.0,light rain
31,Megion,RU,61.0296,76.1136,-30.98,98,27,8.68,scattered clouds
32,Rafsanjan,IR,30.4067,55.9939,59.49,31,89,4.45,overcast clouds
33,Beringovskiy,RU,63.05,179.3167,33.64,98,100,14.47,light rain
34,Chokurdakh,RU,70.6333,147.9167,-39.68,100,82,2.51,broken clouds
35,El Astillero,ES,43.4009,-3.8205,47.88,69,0,1.14,clear sky
36,Tilichiki,RU,60.4667,166.1,-8.99,95,80,6.2,broken clouds
37,Totness,SR,5.8833,-56.3167,76.59,92,99,7.4,overcast clouds
38,Lebu,CL,-37.6167,-73.65,55.36,94,10,17.47,clear sky
39,Roma,US,43.2128,-75.4557,35.96,96,90,10.36,light snow
40,Port Elizabeth,ZA,-33.918,25.5701,64.96,75,97,11.34,overcast clouds
41,Codajas,BR,-3.8367,-62.0569,73.89,99,100,2.28,overcast clouds
42,Ust-Uda,RU,54.1742,103.0304,20.3,83,100,12.46,overcast clouds
43,Codrington,AU,-38.2667,141.9667,63.59,44,51,25.26,broken clouds
44,Ubinskoye,RU,55.3068,79.6802,5.47,96,100,7.52,overcast clouds
45,Kapaa,US,22.0752,-159.319,75.52,80,40,5.01,light rain
46,Busselton,AU,-33.65,115.3333,81.05,46,0,11.7,clear sky
47,Arriaga,MX,16.2333,-93.9,74.55,81,1,3.2,clear sky
48,Deputatskiy,RU,69.3,139.9,-27.35,99,100,2.08,overcast clouds
49,Cururupu,BR,-1.8283,-44.8683,75.78,94,96,3.83,overcast clouds
50,Lentekhi,GE,42.7856,42.7261,37.74,99,100,4.18,overcast clouds
51,Chernyshevskiy,RU,63.0128,112.4714,-36.74,99,96,2.77,overcast clouds
52,Georgetown,MY,5.4112,100.3354,79.9,85,40,4.61,scattered clouds
53,Vila Franca Do Campo,PT,37.7167,-25.4333,60.19,89,99,16.31,overcast clouds
54,Atuona,PF,-9.8,-139.0333,78.24,75,32,14.61,scattered clouds
55,Olafsvik,IS,64.8945,-23.7142,44.82,97,100,20.29,light rain
56,Nouakchott,MR,18.0858,-15.9785,69.55,60,100,17.22,overcast clouds
57,Sfantu Gheorghe,RO,45.8667,25.7833,29.93,94,100,7.58,light snow
58,Albany,US,42.6001,-73.9662,38.68,94,100,2.28,overcast clouds
59,Bosaso,SO,11.2842,49.1816,75.27,68,5,1.52,clear sky
60,Severo-Kurilsk,RU,50.6789,156.125,28.49,73,100,3.76,overcast clouds
61,Khatanga,RU,71.9667,102.5,-18.0,95,100,6.4,overcast clouds
62,Hilo,US,19.7297,-155.09,71.8,46,90,0.0,heavy intensity rain
63,Thompson,CA,55.7435,-97.8558,-12.01,97,95,3.85,overcast clouds
64,Avarua,CK,-21.2078,-159.775,80.65,69,40,9.22,scattered clouds
65,Lesozavodsk,RU,45.4794,133.4244,9.59,83,42,8.21,scattered clouds
66,Faanui,PF,-16.4833,-151.75,80.62,72,87,12.75,overcast clouds
67,Haapiti,PF,-17.5667,-149.8667,80.33,70,100,8.61,overcast clouds
68,Cody,US,44.5263,-109.0565,35.82,44,1,4.61,clear sky
69,West Odessa,US,31.8424,-102.4988,45.68,31,90,9.22,overcast clouds
70,Kruisfontein,ZA,-34.0033,24.7314,59.88,74,95,5.95,overcast clouds
71,Leningradskiy,RU,69.3833,178.4167,-14.08,96,100,12.37,overcast clouds
72,Saurimo,AO,-9.6608,20.3916,64.35,96,95,1.72,light rain
73,Saskylakh,RU,71.9167,114.0833,-15.65,99,98,5.21,overcast clouds
74,Cape Town,ZA,-33.9258,18.4232,66.11,78,0,6.91,clear sky
75,Bredasdorp,ZA,-34.5322,20.0403,63.28,80,99,8.01,overcast clouds
76,Atar,MR,20.5169,-13.0499,69.78,46,100,4.99,overcast clouds
77,Iqaluit,CA,63.7506,-68.5145,5.7,77,100,13.0,overcast clouds
78,Coquimbo,CL,-29.9533,-71.3436,58.73,94,40,10.36,scattered clouds
79,Hargeysa,SO,9.56,44.065,60.85,81,73,11.39,broken clouds
80,Alugan,PH,12.2188,125.4808,81.77,85,96,10.13,overcast clouds
81,Carnarvon,AU,-24.8667,113.6333,82.47,54,0,23.02,clear sky
82,Port Pirie,AU,-33.1833,138.0167,71.69,48,79,21.03,broken clouds
83,Turukhansk,RU,65.8167,87.9833,-35.9,92,23,3.31,few clouds
84,Mandalgovi,MN,45.7625,106.2708,19.98,53,5,12.86,clear sky
85,Prince Rupert,CA,54.3161,-130.3201,22.93,75,3,6.38,clear sky
86,Orlik,RU,52.5178,99.825,14.4,79,72,11.7,broken clouds
87,Bethel,US,41.3712,-73.414,44.11,91,90,0.0,mist
88,Arraial Do Cabo,BR,-22.9661,-42.0278,73.29,74,23,8.79,few clouds
89,Luwuk,ID,-0.9516,122.7875,86.4,70,86,1.92,overcast clouds
90,Geraldton,AU,-28.7667,114.6,81.01,47,0,17.27,clear sky
91,Qasigiannguit,GL,68.8193,-51.1922,37.65,55,74,26.4,broken clouds
92,Whitehorse,CA,60.7161,-135.0538,-0.02,98,97,1.63,overcast clouds
93,Tiksi,RU,71.6872,128.8694,-22.59,100,100,5.68,overcast clouds
94,Porto Belo,BR,-27.1578,-48.5531,71.58,79,100,8.5,overcast clouds
95,Punta Arenas,CL,-53.15,-70.9167,51.91,71,75,28.77,broken clouds
96,Benguela,AO,-12.5763,13.4055,74.66,84,100,0.74,overcast clouds
97,Victoria,HK,22.2855,114.1577,66.96,44,99,9.1,overcast clouds
98,Eyl,SO,7.9803,49.8164,79.23,66,79,17.43,broken clouds
99,Batavia,US,41.85,-88.3126,31.98,69,90,1.01,overcast clouds
100,Castro,BR,-24.7911,-50.0119,60.69,88,89,8.72,overcast clouds
101,Ponta Do Sol,PT,32.6667,-17.1,66.83,86,81,18.1,broken clouds
102,Kiunga,PG,-6.1219,141.2906,89.49,56,84,1.07,broken clouds
103,Nathdwara,IN,24.9333,73.8167,58.1,24,0,4.18,clear sky
104,Mareeba,AU,-17.0,145.4333,89.44,58,52,8.72,broken clouds
105,Airai,TL,-8.9266,125.4092,73.8,66,95,0.45,overcast clouds
106,Tasiilaq,GL,65.6145,-37.6368,32.16,96,100,14.16,snow
107,Hasaki,JP,35.7333,140.8333,48.6,43,21,12.26,few clouds
108,Puerto Ayora,EC,-0.7393,-90.3518,69.55,96,79,3.0,broken clouds
109,Malakal,SS,9.5334,31.6605,73.26,24,32,9.8,scattered clouds
110,Sao Paulo De Olivenca,BR,-3.3783,-68.8725,74.25,99,100,1.57,overcast clouds
111,Tobermory,CA,45.2501,-81.6665,27.12,66,99,14.27,overcast clouds
112,Dikson,RU,73.5069,80.5464,-26.55,95,68,4.7,broken clouds
113,Adrar,MR,20.5022,-10.0711,70.16,58,100,14.65,overcast clouds
114,Ostrovnoy,RU,68.0531,39.5131,13.69,83,100,18.57,overcast clouds
115,Morant Bay,JM,17.8815,-76.4093,72.63,81,20,10.07,few clouds
116,Kavieng,PG,-2.5744,150.7967,82.38,78,100,12.37,light rain
117,Narsaq,GL,60.9167,-46.05,44.82,91,100,9.46,overcast clouds
118,Norman Wells,CA,65.282,-126.8329,9.77,97,100,2.08,light snow
119,Mataura,NZ,-46.1927,168.8643,66.47,49,90,12.28,overcast clouds
120,Debre Tabor,ET,11.85,38.0167,56.79,62,75,3.69,broken clouds
121,Makakilo City,US,21.3469,-158.0858,75.52,73,1,4.61,moderate rain
122,Faya,SA,18.3851,42.4509,55.92,54,25,1.68,scattered clouds
123,Sterling,US,39.0062,-77.4286,59.7,92,90,10.0,overcast clouds
124,Mokrous,RU,51.2333,47.5167,25.21,97,100,7.38,overcast clouds
125,Salalah,OM,17.0151,54.0924,73.6,62,17,5.57,few clouds
126,Beloha,MG,-25.1667,45.05,69.22,62,72,12.1,broken clouds
127,Henties Bay,NA,-22.116,14.2845,58.86,79,13,2.1,few clouds
128,Souillac,MU,-20.5167,57.5167,83.35,65,0,3.69,clear sky
129,Shenjiamen,CN,29.9576,122.298,48.33,44,0,10.09,clear sky
130,Kaitangata,NZ,-46.2817,169.8464,75.45,45,61,11.81,broken clouds
131,Akonolinga,CM,3.7667,12.25,65.44,62,86,2.21,overcast clouds
132,Masuguru,TZ,-11.3667,38.4167,77.4,82,60,3.98,light rain
133,Muisne,EC,0.6,-80.0333,73.74,93,100,7.38,light rain
134,Parambu,BR,-6.2111,-40.6944,74.79,68,79,6.31,broken clouds
135,Pizarro,CO,4.9533,-77.366,74.19,92,98,3.38,overcast clouds
136,Quelimane,MZ,-17.8786,36.8883,72.12,85,100,7.29,overcast clouds
137,Nanortalik,GL,60.1432,-45.2371,34.65,89,100,14.52,overcast clouds
138,Xuddur,SO,4.1213,43.8894,75.4,67,80,15.7,broken clouds
139,East London,ZA,-33.0153,27.9116,68.94,68,0,9.22,clear sky
140,Ndioum,SN,16.5129,-14.6471,74.32,39,99,18.23,overcast clouds
141,Port Alfred,ZA,-33.5906,26.891,66.76,74,82,20.11,broken clouds
142,Fortuna,US,40.5982,-124.1573,50.94,85,90,10.0,overcast clouds
143,Hami,CN,42.8,93.45,27.66,44,0,1.92,clear sky
144,Havoysund,NO,70.9963,24.6622,31.08,82,90,23.44,overcast clouds
145,Ilulissat,GL,69.2167,-51.1,37.42,52,58,12.66,broken clouds
146,Palmital,BR,-22.7889,-50.2175,64.96,86,0,10.56,clear sky
147,Japura,ID,-0.3167,102.35,76.57,91,100,2.26,light rain
148,Sweetwater,US,25.7634,-80.3731,78.98,91,75,1.01,broken clouds
149,Sulangan,PH,11.1373,123.7228,82.24,77,87,6.78,overcast clouds
150,Lata,PT,40.1629,-8.3327,50.81,77,29,6.15,scattered clouds
151,Ohara,JP,35.25,140.3833,48.49,51,6,14.76,clear sky
152,North Myrtle Beach,US,33.816,-78.68,67.05,96,75,10.36,broken clouds
153,Port Hardy,CA,50.6996,-127.4199,39.76,90,94,7.11,overcast clouds
154,San Patricio,US,28.017,-97.5169,55.83,61,26,16.26,scattered clouds
155,Saint-Philippe,RE,-21.3585,55.7679,84.11,71,46,1.39,scattered clouds
156,Kahului,US,20.8947,-156.47,75.22,81,40,14.97,light rain
157,Mildura,AU,-34.2,142.15,85.96,21,20,18.41,few clouds
158,Sitka,US,57.0531,-135.33,28.29,80,1,4.61,clear sky
159,Porto Novo,BJ,6.4965,2.6036,72.73,51,22,4.83,few clouds
160,Aljezur,PT,37.3191,-8.8033,54.88,81,100,16.71,overcast clouds
161,Luderitz,NA,-26.6481,15.1594,60.3,81,48,5.55,scattered clouds
162,Hambantota,LK,6.1241,81.1185,83.34,69,93,13.71,overcast clouds
163,Vila Velha,BR,-20.3297,-40.2925,73.94,90,90,3.0,overcast clouds
164,Weston,US,26.1004,-80.3998,79.02,89,75,1.99,broken clouds
165,Taltal,CL,-25.4,-70.4833,64.47,82,100,2.3,overcast clouds
166,Murray Bridge,AU,-35.1167,139.2667,75.83,37,77,21.65,broken clouds
167,Sinnamary,GF,5.3833,-52.95,77.2,88,13,5.82,few clouds
168,Hermanus,ZA,-34.4187,19.2345,65.89,84,32,3.96,scattered clouds
169,Cidreira,BR,-30.1811,-50.2056,70.21,73,91,18.57,overcast clouds
170,Yar-Sale,RU,66.8333,70.8333,-28.44,97,26,7.16,scattered clouds
171,Pirovskoye,RU,57.6267,92.2658,-1.53,95,99,6.17,overcast clouds
172,Atasu,KZ,48.6814,71.6433,25.86,79,100,8.48,overcast clouds
173,Upernavik,GL,72.7868,-56.1549,24.1,69,100,3.76,overcast clouds
174,Srednekolymsk,RU,67.45,153.6833,-41.01,99,95,5.64,overcast clouds
175,Klaksvik,FO,62.2266,-6.589,45.52,77,100,8.66,overcast clouds
176,Sola,VU,-13.8833,167.55,82.06,71,74,1.81,broken clouds
177,Akalkot,IN,17.5333,76.2167,75.38,41,0,10.6,clear sky
178,Yulara,AU,-25.2406,130.9889,105.64,7,5,16.11,clear sky
179,Guerrero Negro,MX,27.9769,-114.0611,59.83,39,0,10.89,clear sky
180,Tera,NE,14.0078,0.7531,64.63,19,2,11.34,clear sky
181,Mezen,RU,65.8522,44.24,-7.01,96,98,7.72,overcast clouds
182,Waspan,NI,14.7419,-83.9717,71.58,97,65,0.54,broken clouds
183,Mar Del Plata,AR,-38.0023,-57.5575,66.87,91,95,18.01,overcast clouds
184,Gorontalo,ID,0.5412,123.0595,85.33,75,63,2.1,broken clouds
185,Kajaani,FI,64.2273,27.7285,24.85,93,90,6.91,light shower snow
186,Novo Aripuana,BR,-5.1206,-60.3797,74.86,98,100,1.99,moderate rain
187,Nola,IT,40.922,14.5329,49.93,54,2,4.16,clear sky
188,Verkhnyaya Inta,RU,65.9811,60.3094,-13.58,82,7,10.25,clear sky
189,Naron,ES,43.5167,-8.1528,48.67,70,43,5.84,scattered clouds
190,Fairbanks,US,64.8378,-147.7164,13.96,83,90,3.44,overcast clouds
191,Dodge City,US,37.7528,-100.0171,21.25,59,1,5.01,clear sky
192,Nishihara,JP,26.1842,127.7558,65.86,52,40,12.66,scattered clouds
193,Nome,US,64.5011,-165.4064,19.47,86,90,23.02,light snow
194,Sibu,MY,2.3,111.8167,79.86,85,100,0.72,overcast clouds
195,Alofi,NU,-19.0595,-169.9187,80.82,78,21,18.95,few clouds
196,Ambulu,ID,-8.345,113.6058,88.05,65,99,1.07,overcast clouds
197,Camacha,PT,33.0833,-16.3333,63.82,82,40,20.71,scattered clouds
198,Bengkulu,ID,-3.8004,102.2655,83.71,65,100,10.85,overcast clouds
199,Auki,SB,-8.7676,160.7034,80.91,83,92,5.68,overcast clouds
200,Mahebourg,MU,-20.4081,57.7,83.25,63,0,2.53,clear sky
201,Butaritari,KI,3.0707,172.7902,82.24,80,53,16.28,light rain
202,Ghanzi,BW,-21.5667,21.7833,62.64,81,98,8.7,overcast clouds
203,College,US,64.8569,-147.8028,13.95,83,90,3.44,overcast clouds
204,Brufut,GM,13.3814,-16.7518,71.69,73,95,10.36,overcast clouds
205,Vagamo,NO,61.8751,9.0967,28.24,82,15,12.75,few clouds
206,Namatanai,PG,-3.6667,152.4333,81.23,78,100,13.44,overcast clouds
207,Katsuura,JP,35.1333,140.3,46.51,52,6,17.65,clear sky
208,Karasuk,RU,53.7377,78.0403,19.31,96,100,9.4,overcast clouds
209,Leshukonskoye,RU,64.8989,45.7622,-3.78,97,100,6.51,overcast clouds
210,Sao Joao Da Barra,BR,-21.6403,-41.0511,72.27,85,68,9.46,broken clouds
211,Kangaatsiaq,GL,68.3065,-53.4641,19.74,76,100,6.8,overcast clouds
212,Umm Kaddadah,SD,13.6017,26.6876,56.95,33,46,14.18,scattered clouds
213,Caravelas,BR,-17.7125,-39.2481,74.08,95,100,2.8,overcast clouds
214,Krzeszowice,PL,50.1425,19.6322,39.85,93,90,18.41,light intensity drizzle
215,Wahiawa,US,21.5028,-158.0236,73.72,82,75,4.61,moderate rain
216,Korla,CN,41.7597,86.1469,26.71,49,21,5.26,few clouds
217,Pakokku,MM,21.3333,95.1,77.52,47,11,8.21,few clouds
218,Akersberga,SE,59.4794,18.2997,40.26,70,26,17.36,scattered clouds
219,Albertville,US,34.2676,-86.2089,60.15,78,90,1.99,overcast clouds
220,Honiara,SB,-9.4333,159.95,79.81,89,99,1.48,overcast clouds
221,Namibe,AO,-15.1961,12.1522,69.12,70,100,6.8,overcast clouds
222,Sikonge,TZ,-5.6333,32.7667,66.16,89,99,4.45,overcast clouds
223,Lufilufi,WS,-13.8745,-171.5986,85.78,78,13,19.86,few clouds
224,Yellowknife,CA,62.456,-114.3525,-10.53,96,100,4.76,overcast clouds
225,Castanos,MX,26.7833,-101.4167,56.34,54,67,10.96,broken clouds
226,Rorvik,NO,64.8621,11.2373,41.79,69,100,35.99,overcast clouds
227,Chihuahua,MX,28.5,-106.0,44.44,76,100,14.14,overcast clouds
228,Adamas,GR,36.7333,24.4333,49.33,70,99,39.95,overcast clouds
229,Adre,TD,13.4667,22.2,58.48,36,27,12.03,scattered clouds
230,Shimoda,JP,34.6667,138.95,48.11,56,3,26.71,clear sky
231,Tiruchchendur,IN,8.4833,78.1167,88.09,66,89,17.6,overcast clouds
232,Ancud,CL,-41.8697,-73.8203,53.42,95,4,2.13,clear sky
233,Batagay-Alyta,RU,67.8006,130.4114,-21.55,99,100,0.78,overcast clouds
234,Reyes,BO,-14.3167,-67.3833,72.23,99,97,2.01,overcast clouds
235,Zhigansk,RU,66.7697,123.3711,-47.0,99,75,6.11,broken clouds
236,Aksarka,RU,66.5606,67.7975,-38.07,100,36,2.62,scattered clouds
237,Bubaque,GW,11.2833,-15.8333,77.11,53,7,20.47,clear sky
238,Hithadhoo,MV,-0.6,73.0833,82.36,71,99,2.37,overcast clouds
239,Sioux Lookout,CA,50.1001,-91.917,5.38,100,51,1.95,broken clouds
240,Mumford,GH,5.2618,-0.759,78.75,78,27,3.67,scattered clouds
241,Tumut,AU,-35.3,148.2167,72.59,82,100,10.2,light rain
242,Merritt Island,US,28.5392,-80.672,75.0,89,1,3.44,clear sky
243,Clyde River,CA,70.4692,-68.5914,5.23,85,99,6.91,mist
244,Quatre Cocos,MU,-20.2078,57.7625,83.08,61,0,5.14,clear sky
245,Baker City,US,44.7749,-117.8344,38.64,74,1,16.11,clear sky
246,Trelew,AR,-43.249,-65.3051,64.33,77,20,3.74,few clouds
247,Lakes Entrance,AU,-37.8811,147.981,67.57,93,100,15.43,light rain
248,Kuliyapitiya,LK,7.4688,80.0401,85.21,53,54,9.75,broken clouds
249,Bohicon,BJ,7.1783,2.0667,71.11,37,9,3.83,clear sky
250,Mehamn,NO,71.0357,27.8492,29.01,85,98,19.26,light snow
251,San-Pedro,CI,4.7485,-6.6363,78.22,85,92,3.06,light rain
252,Manggar,ID,-2.8833,108.2667,81.25,77,100,5.44,overcast clouds
253,Nioro,GM,13.35,-15.75,72.52,42,27,13.51,scattered clouds
254,Putten,NL,52.25,5.6,45.93,96,100,3.0,overcast clouds
255,Beira,MZ,-19.8436,34.8389,72.45,77,97,13.87,overcast clouds
256,Vestmannaeyjar,IS,63.4427,-20.2734,45.77,89,100,22.66,overcast clouds
257,Constitucion,CL,-35.3333,-72.4167,58.03,70,0,8.1,clear sky
258,Port Augusta,AU,-32.5,137.7667,82.71,42,61,25.23,broken clouds
259,Elizabeth City,US,36.2946,-76.2511,69.03,87,20,3.0,few clouds
260,Alta,NO,69.9689,23.2717,27.66,80,75,5.75,light snow
261,Weihai,CN,37.5017,122.1136,43.95,34,0,16.02,clear sky
262,Ulaangom,MN,49.9811,92.0667,-0.96,94,74,2.48,broken clouds
263,Tuktoyaktuk,CA,69.4541,-133.0374,-20.27,98,66,6.71,broken clouds
264,Verkhoyansk,RU,67.5447,133.385,-26.77,99,100,0.45,overcast clouds
265,Gaoua,BF,10.2992,-3.2508,70.2,22,6,5.75,clear sky
266,Flinders,AU,-34.5833,150.8552,85.8,50,100,16.13,light rain
267,Deder,ET,9.3167,41.45,60.24,66,39,2.98,scattered clouds
268,Ribeira Grande,PT,38.5167,-28.7,60.87,73,100,30.09,overcast clouds
269,Iberia,US,29.9502,-91.7507,62.67,94,75,8.05,broken clouds
270,La Ronge,CA,55.1001,-105.2842,2.43,89,100,7.47,overcast clouds
271,Husavik,IS,66.0449,-17.3389,36.3,85,100,10.96,overcast clouds
272,Betare Oya,CM,5.6,14.0833,65.64,40,80,5.01,broken clouds
273,Barguzin,RU,53.6167,109.6167,22.53,87,100,10.31,light snow
274,Saldanha,ZA,-33.0117,17.9442,63.01,88,47,6.98,scattered clouds
275,Black River,JM,18.0264,-77.8487,77.0,83,7,5.64,clear sky
276,Sarakhs,IR,36.5449,61.1577,59.43,25,7,1.97,clear sky
277,San Cristobal,VE,7.7669,-72.225,66.38,93,98,1.1,overcast clouds
278,Anadyr,RU,64.75,177.4833,19.9,92,90,62.01,overcast clouds
279,Khasan,RU,42.4308,130.6434,26.53,39,70,13.11,broken clouds
280,Palmer,US,42.1584,-72.3287,37.15,87,90,1.01,moderate rain
281,Peniche,PT,39.3558,-9.3811,52.36,76,98,17.27,overcast clouds
282,Kodiak,US,57.79,-152.4072,30.56,80,68,9.1,broken clouds
283,Progreso,MX,21.2833,-89.6667,76.1,80,36,8.21,scattered clouds
284,Trairi,BR,-3.2778,-39.2689,81.55,70,99,12.26,overcast clouds
285,Komsomolskiy,UZ,40.4272,71.7189,41.72,38,95,2.3,overcast clouds
286,Termiz,UZ,37.2242,67.2783,50.09,29,40,2.3,scattered clouds
287,Marienburg,PL,54.0359,19.0266,41.95,85,84,15.64,broken clouds
288,Oranjestad,AW,12.524,-70.027,79.92,83,20,3.0,few clouds
289,Chapais,CA,49.7834,-74.8492,6.58,95,100,2.91,overcast clouds
290,Isangel,VU,-19.55,169.2667,82.51,78,75,6.91,light rain
291,Bambous Virieux,MU,-20.3428,57.7575,86.25,62,20,3.44,few clouds
292,Lavrentiya,RU,65.5833,-171.0,2.3,94,100,11.21,overcast clouds
293,Sorong,ID,-0.8833,131.25,85.15,70,24,6.06,few clouds
294,Goalpara,IN,26.1667,90.6167,71.04,47,0,4.34,clear sky
295,Hamilton,US,39.1834,-84.5333,37.76,85,90,1.99,overcast clouds
296,Linhares,BR,-19.3911,-40.0722,70.79,98,99,5.14,overcast clouds
297,Juybar,IR,36.6412,52.9124,51.96,66,23,1.83,few clouds
298,Rawson,AR,-43.3002,-65.1023,62.74,81,11,2.8,few clouds
299,Broken Hill,AU,-31.95,141.4333,94.86,16,66,24.02,broken clouds
300,Fernley,US,39.608,-119.2518,33.4,69,68,2.77,broken clouds
301,Kiama,AU,-34.6833,150.8667,84.0,49,100,5.99,overcast clouds
302,Aklavik,CA,68.2191,-135.0107,-6.77,100,99,4.54,overcast clouds
303,Si Satchanalai,TH,17.5169,99.7598,78.58,56,81,3.04,broken clouds
304,Barcelona,ES,41.3888,2.159,49.53,77,20,3.0,few clouds
305,Killybegs,IE,54.6333,-8.45,42.46,91,11,5.64,few clouds
306,Turayf,SA,31.6725,38.6637,35.85,93,40,4.61,scattered clouds
307,Mbandaka,CD,0.0487,18.2603,71.17,95,99,3.38,light rain
308,San Lawrenz,MT,36.0553,14.204,49.86,55,7,1.99,clear sky
309,Catamarca,AR,-28.4696,-65.7852,76.59,46,20,13.0,few clouds
310,Romny,UA,50.751,33.4747,30.99,96,100,19.08,light snow
311,Calvinia,ZA,-31.4707,19.776,67.82,60,0,11.5,clear sky
312,Poum,NC,-20.2333,164.0167,79.66,70,33,6.8,scattered clouds
313,Sao Jose Da Coroa Grande,BR,-8.8978,-35.1478,77.59,80,73,8.28,broken clouds
314,Avera,US,33.194,-82.5271,64.71,98,100,6.87,overcast clouds
315,Pevek,RU,69.7008,170.3133,-14.78,92,100,2.73,overcast clouds
316,Khuzdar,PK,27.7384,66.6434,58.8,11,60,1.97,broken clouds
317,Mayor Pablo Lagerenza,PY,-19.9309,-60.7718,74.68,96,100,2.82,overcast clouds
318,Tuatapere,NZ,-46.1333,167.6833,66.81,65,42,12.26,light rain
319,Kuusankoski,FI,60.907,26.6244,34.32,97,90,5.01,light shower snow
320,Sahuaripa,MX,29.05,-109.2333,55.58,49,15,4.61,few clouds
321,Sabang,ID,5.8933,95.3214,78.35,84,100,20.07,overcast clouds
322,Canutama,BR,-6.5339,-64.3831,74.64,98,98,2.17,moderate rain
323,Baruun-Urt,MN,46.6806,113.2792,14.41,77,17,11.88,few clouds
324,Iranshahr,IR,27.2025,60.6848,62.94,42,0,4.61,clear sky
325,Vao,NC,-22.6667,167.4833,75.81,89,72,20.51,light rain
326,Luzhou,CN,28.8724,105.4405,54.43,54,83,1.1,broken clouds
327,Luba,GQ,3.4568,8.5547,80.28,80,40,1.5,scattered clouds
328,Broome,US,42.2506,-75.833,40.19,79,90,8.99,overcast clouds
329,Gravdal,NO,68.1214,13.5031,40.5,79,50,26.44,scattered clouds
330,Serenje,ZM,-13.2325,30.2352,63.36,91,98,5.68,overcast clouds
331,San Pedro,PH,14.35,121.0167,78.35,92,100,9.86,overcast clouds
332,Nakonde,ZM,-9.3421,32.745,61.21,95,100,5.35,overcast clouds
333,Araouane,ML,18.9048,-3.5265,65.01,16,6,10.36,clear sky
334,Kanniyakumari,IN,8.0833,77.5667,80.67,63,61,22.17,broken clouds
335,Barkhera,IN,28.45,79.8,57.51,37,0,2.75,clear sky
336,Esperance,AU,-33.8667,121.9,75.04,51,42,10.22,scattered clouds
337,Chuy,UY,-33.6971,-53.4616,62.38,84,0,8.5,clear sky
338,Sao Filipe,CV,14.8961,-24.4956,72.68,78,100,8.46,overcast clouds
339,Kinablangan,PH,7.6947,126.5503,84.25,72,32,7.36,scattered clouds
340,Olinda,BR,-8.0089,-34.8553,80.33,74,40,5.75,scattered clouds
341,Akola,IN,20.7333,77.0,69.84,39,0,4.65,clear sky
342,Ibicarai,BR,-14.865,-39.5875,71.87,97,100,2.21,overcast clouds
343,Kitimat,CA,54.0524,-128.6534,16.18,73,43,4.63,scattered clouds
344,Laizhou,CN,37.1717,119.9214,44.46,33,0,11.16,clear sky
345,Zheleznodorozhnyy,RU,55.7503,38.0042,28.92,97,100,10.02,light snow
346,Bauchi,NG,10.5,10.0,55.33,45,63,4.18,broken clouds
347,Suhbaatar,MN,50.2314,106.2078,11.17,77,95,3.2,overcast clouds
348,Nehe,CN,48.4833,124.8333,10.26,86,71,7.45,broken clouds
349,Coos Bay,US,43.3665,-124.2179,53.94,94,90,11.5,overcast clouds
350,Tessalit,ML,20.1986,1.0114,61.75,22,0,10.65,clear sky
351,Saint Anthony,US,45.0205,-93.218,11.93,84,1,0.0,clear sky
352,Te Anau,NZ,-45.4167,167.7167,55.63,95,100,9.01,light rain
353,Yei,SS,4.095,30.6779,74.05,57,95,1.23,overcast clouds
354,Batagay,RU,67.6333,134.6333,-29.6,98,100,0.78,overcast clouds
355,San Ramon,US,37.7799,-121.978,45.46,89,1,8.05,clear sky
356,Nelson Bay,AU,-32.7167,152.15,93.96,72,100,18.01,light rain
357,Russell,US,32.3502,-85.1999,64.11,94,90,0.0,overcast clouds
358,Zhezkazgan,KZ,47.8043,67.7144,22.98,93,75,6.71,light snow
359,Pitimbu,BR,-7.4706,-34.8086,79.39,76,25,9.33,light rain
360,Stokmarknes,NO,68.5646,14.9108,39.49,81,98,26.11,light rain
361,Cabo San Lucas,MX,22.8909,-109.9124,68.14,77,6,3.94,clear sky
362,Saint-Pierre,RE,-21.3393,55.4781,84.18,61,0,6.91,clear sky
363,Salinopolis,BR,-0.6136,-47.3561,79.09,86,100,9.64,overcast clouds
364,Ziro,IN,27.6333,93.8333,52.54,30,0,1.12,clear sky
365,Sokoni,TZ,-6.4333,39.55,82.45,74,9,7.05,clear sky
366,General Pico,AR,-35.6566,-63.7568,70.83,44,4,7.58,clear sky
367,Pisco,PE,-13.7,-76.2167,65.01,82,0,3.44,clear sky
368,Mozarlandia,BR,-14.7447,-50.5706,73.99,91,99,2.04,light rain
369,Sakaiminato,JP,35.55,133.2333,44.53,75,75,25.32,broken clouds
370,Chongwe,ZM,-15.3292,28.682,66.45,91,100,5.19,overcast clouds
371,Scarborough,GB,54.2797,-0.4044,41.92,94,67,1.99,broken clouds
372,Denpasar,ID,-8.65,115.2167,87.46,74,20,9.22,few clouds
373,Irituia,BR,-1.7711,-47.4381,74.84,95,99,1.79,overcast clouds
374,Betioky,MG,-23.7167,44.3833,75.2,58,23,11.01,few clouds
375,Dukat,RU,62.55,155.55,-31.27,97,99,5.75,overcast clouds
376,Naze,JP,28.3667,129.4833,58.12,52,50,17.31,scattered clouds
377,Chukhloma,RU,58.7525,42.6825,15.37,94,100,8.01,light snow
378,Padang,ID,-0.9492,100.3543,84.25,82,100,3.67,overcast clouds
379,Viedma,AR,-40.8135,-62.9967,69.4,58,11,7.31,few clouds
380,Havre-Saint-Pierre,CA,50.2334,-63.5986,19.4,67,1,12.66,clear sky
381,Buala,SB,-8.145,159.5921,81.97,80,100,5.99,light rain
382,Dingle,PH,10.9995,122.6711,86.14,71,97,9.82,overcast clouds
383,Haines Junction,CA,60.7522,-137.5108,-7.65,77,100,2.3,overcast clouds
384,Fujin,CN,47.26,132.0322,3.43,86,76,6.42,broken clouds
385,Svobodnyy,RU,51.4,128.1333,-4.59,90,92,5.12,overcast clouds
386,Klishkivtsi,UA,48.4316,26.2623,37.06,97,100,14.67,light rain
387,Gawler,AU,-34.6,138.7333,74.61,41,81,18.05,broken clouds
388,Nemuro,JP,43.3236,145.575,25.23,40,12,6.2,few clouds
389,Muros,ES,42.7762,-9.0603,49.23,66,12,6.35,few clouds
390,Lircay,PE,-12.9896,-74.7205,49.73,87,71,2.04,broken clouds
391,Kyren,RU,51.6828,102.1408,26.89,65,70,7.96,broken clouds
392,Meulaboh,ID,4.1363,96.1285,75.11,94,100,6.06,overcast clouds
393,Teguldet,RU,57.3064,88.1667,-1.98,97,98,3.15,overcast clouds
394,Honningsvag,NO,70.9821,25.9704,31.46,73,81,23.31,broken clouds
395,Kabo,CF,7.6994,18.629,66.29,35,41,2.82,scattered clouds
396,Kirakira,SB,-10.4544,161.9205,78.91,89,100,4.63,light rain
397,Santa Cruz,BO,-17.8,-63.1667,76.46,94,90,8.05,light rain
398,Chopda,IN,21.25,75.3,70.5,29,0,3.94,clear sky
399,West Wendover,US,40.7391,-114.0733,16.81,86,1,0.0,clear sky
400,Forestville,US,38.8451,-76.875,62.37,91,1,12.66,clear sky
401,Hay River,CA,60.8156,-115.7999,-13.02,70,75,8.05,broken clouds
402,Edgewater,US,28.9889,-80.9023,74.1,93,22,6.93,few clouds
403,Calabozo,VE,8.9242,-67.4293,76.46,70,43,6.71,scattered clouds
404,Riyadh,SA,24.6877,46.7219,62.74,36,96,8.55,overcast clouds
405,Lorengau,PG,-2.0226,147.2712,83.66,77,100,10.11,overcast clouds
406,Yumen,CN,40.2833,97.2,34.43,16,0,23.2,clear sky
407,Dunedin,NZ,-45.8742,170.5036,72.72,53,91,6.22,overcast clouds
408,Salisbury,GB,51.0693,-1.7957,45.28,97,90,9.22,fog
409,Omboue,GA,-1.5746,9.2618,76.5,90,92,4.74,overcast clouds
410,Morgan City,US,29.6994,-91.2068,63.0,100,20,9.22,few clouds
411,Ambatofinandrahana,MG,-20.55,46.8,70.09,71,68,2.77,broken clouds
412,Auxerre,FR,47.8,3.5667,39.06,90,6,5.68,clear sky
413,Garissa,KE,-0.4536,39.6401,79.0,77,37,5.57,scattered clouds
414,Dovers,VC,12.8833,-61.1833,80.13,68,91,22.39,overcast clouds
415,Nara,JP,34.6851,135.8049,49.5,95,45,15.28,scattered clouds
416,Cockburn Town,TC,21.4612,-71.1419,79.54,62,3,22.24,clear sky
417,Tongren,CN,27.7172,109.1853,56.66,36,23,0.56,few clouds
418,Langxiang,CN,46.95,128.8833,9.09,68,100,4.68,overcast clouds
419,Sao Desiderio,BR,-12.3633,-44.9733,72.14,82,100,1.77,overcast clouds
420,Batticaloa,LK,7.7102,81.6924,81.28,68,95,11.34,overcast clouds
421,Bizhbulyak,RU,53.6967,54.2642,25.5,97,100,8.55,light snow
422,Conceicao Do Araguaia,BR,-8.2578,-49.2647,75.04,94,100,4.18,moderate rain
423,Muroto,JP,33.2833,134.15,51.84,66,31,18.12,scattered clouds
424,Orotukan,RU,62.2667,151.7,-35.32,99,100,2.98,overcast clouds
425,Molo,KE,-0.2479,35.7374,56.25,82,70,4.79,broken clouds
426,Monrovia,LR,6.3005,-10.7969,77.79,89,6,3.6,clear sky
427,Teya,RU,60.3778,92.6267,-26.99,94,29,2.33,scattered clouds
428,North Bend,US,43.4065,-124.2243,53.87,94,90,11.5,overcast clouds
429,Kloulklubed,PW,7.0419,134.2556,82.9,68,44,14.9,scattered clouds
430,Ugoofaaru,MV,5.6667,73.0,81.34,72,99,8.43,overcast clouds
431,Carrollton,US,32.9537,-96.8903,42.94,65,1,4.0,clear sky
432,Buraydah,SA,26.326,43.975,57.65,69,28,7.94,scattered clouds
433,Kalnciems,LV,56.8011,23.6097,39.25,80,54,14.16,broken clouds
434,Kashi,CN,39.4547,75.9797,29.41,50,20,0.0,few clouds
435,Alice Springs,AU,-23.7,133.8833,107.15,12,6,11.5,clear sky
436,Lumphat,KH,13.4878,106.9816,75.09,68,100,2.06,overcast clouds
437,Pokosnoye,RU,55.5258,101.0536,9.54,87,100,12.03,overcast clouds
438,Hovd,MN,48.0056,91.6419,23.56,49,21,5.46,few clouds
439,Taoudenni,ML,22.6783,-3.9836,69.21,18,29,9.53,scattered clouds
440,Khartoum,SD,15.5518,32.5324,64.02,38,0,13.42,clear sky
441,Paamiut,GL,61.994,-49.6678,30.79,91,100,5.73,overcast clouds
442,Calamar,CO,10.2511,-74.9146,78.75,86,100,3.24,overcast clouds
443,Yerbogachen,RU,61.2767,108.0108,-38.0,96,61,4.03,broken clouds
444,Kaka,TM,37.3482,59.6143,58.05,34,62,4.92,broken clouds
445,Nikologory,RU,56.1413,41.9922,20.77,95,100,11.99,light snow
446,Numan,NG,9.4667,12.0333,66.61,42,38,4.94,scattered clouds
447,Cayenne,GF,4.9333,-52.3333,80.1,85,75,4.0,broken clouds
448,Puerto Carreno,CO,6.189,-67.4859,77.47,76,78,7.4,broken clouds
449,San Lorenzo,PY,-25.3333,-57.5333,80.96,54,3,1.88,clear sky
450,Batemans Bay,AU,-35.7167,150.1833,77.92,68,100,14.76,light rain
451,Lasa,IT,46.6166,10.7002,36.48,69,1,6.62,clear sky
452,Riachao Das Neves,BR,-11.7461,-44.91,72.34,88,99,1.1,overcast clouds
453,Chumikan,RU,54.7183,135.315,-9.45,83,5,18.14,clear sky
454,Aksu,CN,41.1231,80.2644,28.65,44,67,1.16,broken clouds
455,Grindavik,IS,63.8424,-22.4338,46.87,100,75,19.57,broken clouds
456,Tual,ID,-5.6667,132.75,85.37,67,100,3.87,overcast clouds
457,Ambilobe,MG,-13.2,49.05,84.02,69,8,3.62,clear sky
458,Novyye Burasy,RU,52.1324,46.0714,27.75,98,89,5.37,overcast clouds
459,Labelle,US,26.7617,-81.4384,72.99,89,4,5.55,clear sky
460,Palembang,ID,-2.9167,104.7458,86.09,70,40,3.44,scattered clouds
461,Mount Isa,AU,-20.7333,139.5,101.97,30,40,17.27,scattered clouds
462,Mantua,IT,45.1667,10.7833,38.82,94,1,5.01,clear sky
463,Port Macquarie,AU,-31.4333,152.9167,85.96,65,52,17.81,broken clouds
464,Alagir,RU,43.0422,44.2222,30.76,96,100,4.05,light snow
465,Santa Maria,BR,-29.6842,-53.8069,62.85,90,0,8.99,clear sky
466,Lokosovo,RU,61.1333,74.8167,-22.45,97,59,6.93,broken clouds
467,Halifax,CA,44.6453,-63.5724,31.08,60,100,2.3,light snow
468,San Carlos,VE,9.6612,-68.5827,71.74,87,29,3.87,scattered clouds
469,Mana,GF,5.6592,-53.7767,76.59,90,27,6.17,scattered clouds
470,Menongue,AO,-14.6585,17.691,61.75,93,100,2.98,overcast clouds
471,Antalaha,MG,-14.9003,50.2788,82.27,71,29,4.83,scattered clouds
472,Bambanglipuro,ID,-7.95,110.2833,81.61,72,100,7.36,overcast clouds
473,Kuito,AO,-12.3833,16.9333,59.07,97,100,2.55,light rain
474,Bud,US,39.447,-86.1758,35.17,88,100,5.84,overcast clouds
475,Alenquer,BR,-1.9417,-54.7383,77.34,88,100,2.39,overcast clouds
476,Sayyan,YE,15.1718,44.3244,56.64,33,90,1.32,overcast clouds
477,Los Algarrobos,PA,8.5,-82.4333,80.46,85,73,3.47,broken clouds
478,Sete,FR,43.4018,3.6966,44.89,83,0,7.65,clear sky
479,Nicholasville,US,37.8806,-84.573,39.13,87,90,8.05,overcast clouds
480,Anloga,GH,5.7947,0.8973,73.62,75,35,4.85,scattered clouds
481,Kizukuri,JP,40.8061,140.3861,33.12,76,100,13.31,light snow
482,Charters Towers,AU,-20.1,146.2667,96.85,16,0,6.33,clear sky
483,Muscat,OM,23.6139,58.5922,75.22,59,100,4.38,overcast clouds
484,Nazas,MX,25.2333,-104.1333,60.48,47,23,2.51,few clouds
485,Kalmunai,LK,7.4167,81.8167,81.97,69,98,12.75,overcast clouds
486,Acarau,BR,-2.8856,-40.12,81.01,74,72,14.76,broken clouds
487,Sawtell,AU,-30.3833,153.1,80.62,69,27,28.77,scattered clouds
488,Oranjemund,NA,-28.55,16.4333,62.73,78,1,5.86,clear sky
489,Shitanjing,CN,39.2342,106.3439,33.44,21,31,15.95,scattered clouds
490,Abidjan,CI,5.3094,-4.0197,78.76,100,20,4.61,few clouds
491,Pangnirtung,CA,66.1451,-65.7125,26.85,72,100,14.85,overcast clouds
492,Chipinge,ZW,-20.1883,32.6236,57.67,91,98,1.79,overcast clouds
493,Nador,MA,35.174,-2.9287,59.25,82,75,11.5,broken clouds
494,Berdyaush,RU,55.1619,59.1464,24.26,96,100,2.39,overcast clouds
495,Vila,PT,42.0304,-8.1588,38.32,83,11,4.81,few clouds
496,Guadalupe,MX,25.6833,-100.25,71.15,79,90,10.36,overcast clouds
497,Porteirinha,BR,-15.7433,-43.0283,71.62,90,100,2.26,overcast clouds
498,Abonnema,NG,4.7084,6.7931,74.84,79,65,4.5,broken clouds
499,Rundu,NA,-17.9333,19.7667,68.05,83,100,4.68,overcast clouds
500,Mount Gambier,AU,-37.8333,140.7667,64.31,45,40,25.32,scattered clouds
501,Chara,RU,56.9064,118.2631,-9.26,90,73,1.32,broken clouds
502,Manyana,BW,-23.4,21.7167,62.35,79,76,13.78,broken clouds
503,Rehti,IN,22.7333,77.4333,61.54,24,0,6.85,clear sky
504,Ripky,UA,51.801,31.0838,35.11,97,100,16.67,overcast clouds
505,Djambala,CG,-2.5447,14.7533,70.56,80,92,0.63,overcast clouds
506,Sinjai,ID,-5.1241,120.253,87.58,61,82,6.62,broken clouds
507,Hawkhead,US,42.4695,-86.2073,33.98,79,90,0.0,overcast clouds
508,San Quintin,MX,30.4833,-115.95,56.34,62,0,4.63,clear sky
509,Huron,US,41.1501,-82.5499,35.01,88,100,11.92,overcast clouds
510,Taree,AU,-31.9,152.4667,90.57,66,40,11.5,scattered clouds
511,Tonantins,BR,-2.8731,-67.8022,74.75,98,100,0.74,light rain
512,Skjervoy,NO,70.0311,20.9714,37.56,82,99,9.71,overcast clouds
513,Dicabisagan,PH,17.0818,122.4157,76.84,90,100,15.37,overcast clouds
514,Pangkalanbuun,ID,-2.6833,111.6167,91.49,51,91,3.42,overcast clouds
515,Sur,OM,22.5667,59.5289,72.27,53,90,1.54,overcast clouds
516,Cariamanga,EC,-4.3333,-79.55,54.41,97,100,1.99,light rain
517,Sembe,CG,1.6481,14.5806,74.73,72,100,0.85,overcast clouds
518,Lishui,CN,28.4604,119.9103,57.0,37,0,0.6,clear sky
519,Siderno,IT,38.2779,16.302,51.84,65,2,7.99,clear sky
520,San Andres,CO,12.5847,-81.7006,82.42,78,20,17.27,few clouds
521,Mount Pleasant,US,32.7941,-79.8626,68.0,97,1,5.01,clear sky
522,Kavaratti,IN,10.5669,72.642,82.15,64,12,8.1,few clouds
523,Tromso,NO,69.6496,18.957,35.62,87,75,16.11,light rain
524,Apac,UG,1.9756,32.5386,72.27,73,98,2.26,light rain
525,Chipata,ZM,-13.6333,32.65,67.17,87,97,4.52,overcast clouds
526,Constanta,RO,44.1833,28.65,25.7,81,14,8.46,few clouds
527,Lianran,CN,24.9227,102.485,54.14,50,56,6.71,broken clouds
528,Kasempa,ZM,-13.4584,25.8338,64.49,97,100,3.33,light rain
529,Jiwani,PK,25.05,61.7417,71.94,58,100,4.56,overcast clouds
530,Carauari,BR,-4.8828,-66.8958,73.36,99,99,2.26,overcast clouds
531,Florence,IT,43.7667,11.25,45.1,75,0,2.3,clear sky
532,Tabou,CI,4.423,-7.3528,79.05,83,76,3.87,light rain
533,Ust-Kut,RU,56.7938,105.7672,-6.12,91,100,7.96,overcast clouds
534,Aykhal,RU,66.0,111.5,-44.59,100,100,7.87,overcast clouds
535,San Ignacio,BZ,17.1561,-89.0714,73.54,94,0,0.0,clear sky
536,Stornoway,GB,58.2093,-6.3865,42.93,92,90,1.14,overcast clouds
537,Tutoia,BR,-2.7619,-42.2744,80.92,79,73,13.73,broken clouds
538,Kutum,SD,14.2,24.6667,52.84,38,78,5.95,broken clouds
539,Kijang,KR,35.2442,129.2139,47.93,37,13,12.08,few clouds
540,Tucurui,BR,-3.7661,-49.6725,74.12,97,100,3.11,moderate rain
541,Punta Alta,AR,-38.8759,-62.0736,70.29,76,63,1.5,broken clouds
542,Bin Qirdan,TN,33.1378,11.2197,56.88,64,94,11.43,overcast clouds
543,Puerto Del Rosario,ES,28.5004,-13.8627,56.95,82,0,8.05,clear sky
544,Dali,CN,25.7,100.1833,59.67,36,0,2.51,clear sky
545,Qaqortoq,GL,60.7167,-46.0333,45.1,86,100,11.25,overcast clouds
546,Maniitsoq,GL,65.4167,-52.9,30.94,74,100,13.91,overcast clouds
547,Marsh Harbour,BS,26.5412,-77.0636,77.09,78,100,18.16,overcast clouds
548,Kawalu,ID,-7.3817,108.2082,88.43,58,95,3.89,overcast clouds
549,Forbes,AU,-33.3833,148.0167,73.92,56,100,14.81,moderate rain
550,Petropavlovsk-Kamchatskiy,RU,53.0452,158.6483,10.99,52,0,2.24,clear sky
551,Asau,RO,46.4333,26.4,31.28,88,89,7.11,overcast clouds
552,Amahai,ID,-3.3333,128.9167,85.1,72,93,2.73,overcast clouds
553,Balabac,PH,7.9868,117.0645,83.55,74,100,1.68,overcast clouds
554,Xining,CN,36.6167,101.7667,27.09,32,100,2.53,overcast clouds
555,Pacifica,US,37.6138,-122.4869,46.72,85,20,3.0,few clouds
556,Carbonia,IT,39.1672,8.5222,45.99,89,2,2.93,clear sky
557,Vardo,NO,70.3705,31.1107,29.25,74,100,24.29,light snow
558,Heihe,CN,50.2441,127.4902,-7.02,79,93,3.6,overcast clouds
559,Bandarbeyla,SO,9.4942,50.8122,78.67,70,65,15.86,broken clouds
560,Palu,ID,-0.8917,119.8707,86.79,76,96,3.49,overcast clouds
561,Mnogovershinnyy,RU,53.9353,139.9242,-11.34,85,17,6.31,few clouds
562,Labuhan,ID,-6.8844,112.2051,88.38,63,100,6.26,overcast clouds
563,Bumba,CD,2.1833,22.4667,72.36,88,83,0.85,broken clouds
564,Prieska,ZA,-29.6641,22.7474,64.65,71,100,3.89,overcast clouds
565,Nhulunbuy,AU,-12.2333,136.7667,93.81,49,40,11.5,scattered clouds
566,Gat,IL,31.61,34.7642,55.4,14,2,11.1,clear sky
567,Bontang,ID,0.1333,117.5,81.7,82,100,4.74,moderate rain
568,Santo Tomas,PH,14.1079,121.1414,81.54,79,99,7.67,overcast clouds
569,Mecca,SA,21.4267,39.8261,70.92,65,75,5.19,broken clouds
570,Simoes,BR,-7.5989,-40.8178,78.33,56,95,4.79,overcast clouds
571,Xapuri,BR,-10.6517,-68.5044,74.68,98,100,2.44,light rain
572,Kampot,KH,10.6167,104.1833,87.85,55,89,8.95,overcast clouds
573,Kuryk,KZ,43.2,51.65,43.41,82,100,5.3,overcast clouds
574,Kanigiri,IN,15.4,79.5167,74.64,55,0,4.47,clear sky
575,Dombarovskiy,RU,50.7587,59.5386,22.39,96,90,8.52,overcast clouds
576,Kuusamo,FI,65.9667,29.1833,19.44,93,90,6.91,light snow
577,Pandan,PH,14.0453,124.1694,81.5,87,99,11.43,overcast clouds
578,Ola,RU,59.5833,151.2833,-8.28,86,26,9.33,scattered clouds
579,Bolbec,FR,49.5732,0.4734,41.86,93,85,10.47,overcast clouds
580,Baculin,PH,7.4525,126.5842,85.8,69,29,10.0,scattered clouds
581,Yatou,CN,37.15,122.3833,43.5,33,0,15.35,clear sky
582,Dudinka,RU,69.4058,86.1778,-41.87,100,70,0.85,broken clouds
583,Half Moon Bay,US,37.4636,-122.4286,47.98,90,1,0.0,clear sky
584,Sobolevo,RU,54.4299,31.8996,36.3,99,100,20.38,light rain
585,Straumen,NO,63.8709,11.2999,37.51,84,81,19.71,light rain
586,Surt,LY,31.2089,16.5887,57.99,50,94,29.35,overcast clouds
587,Lagoa,PT,39.05,-27.9833,60.76,80,97,26.71,overcast clouds
588,Abu Dhabi,AE,24.4667,54.3667,68.97,66,82,3.0,broken clouds
589,Rafai,CF,4.95,23.9167,70.03,76,97,1.25,overcast clouds
590,Corowa,AU,-36.0333,146.3833,65.57,95,100,14.36,overcast clouds
591,Shiloh,US,38.5614,-89.8973,33.39,89,1,5.75,mist
592,Ahipara,NZ,-35.1667,173.1667,67.1,62,7,8.84,clear sky
593,Palana,RU,59.1167,159.9667,4.3,87,100,2.62,light snow
594,Celestun,MX,20.8667,-90.4,76.82,77,33,7.81,scattered clouds
595,Bukachacha,RU,52.9833,116.9167,3.13,88,99,2.86,overcast clouds
596,Turbat,PK,26.0023,63.044,67.41,54,28,1.57,scattered clouds
597,Kjopsvik,NO,68.097,16.3742,39.16,95,100,7.72,light rain
598,Katherine,AU,-14.4667,132.2667,97.12,41,40,3.44,scattered clouds
599,Benghazi,LY,32.1167,20.0667,54.16,58,91,25.55,overcast clouds
600,Sabha,LY,27.0377,14.4283,45.97,67,0,5.46,clear sky
601,Labrea,BR,-7.2586,-64.7981,74.75,98,100,0.6,overcast clouds
602,Kuala Terengganu,MY,5.3302,103.1408,75.15,100,40,2.3,scattered clouds
603,Banyo,CM,6.75,11.8167,63.03,44,80,2.17,broken clouds
604,Ocos,GT,14.5094,-92.1933,80.01,79,42,7.74,scattered clouds
605,Vidim,RU,56.4088,103.1106,-5.62,90,100,7.83,overcast clouds
606,San Luis,AR,-33.295,-66.3356,77.4,42,10,12.17,clear sky
607,Nicoya,CR,10.1483,-85.452,74.75,87,27,4.18,scattered clouds
608,Landskrona,SE,55.8708,12.8302,42.06,87,30,18.61,scattered clouds
609,Buin,CL,-33.7333,-70.75,72.73,63,0,1.23,clear sky
610,Kolo,PL,52.2002,18.6387,42.89,85,100,19.35,overcast clouds
611,Bajil,YE,15.0584,43.2851,76.41,72,68,4.72,broken clouds
612,Maragogi,BR,-9.0122,-35.2225,77.27,80,64,7.72,broken clouds
613,Hualmay,PE,-11.0964,-77.6139,66.52,88,48,7.99,scattered clouds
614,Alyangula,AU,-13.8483,136.4192,94.87,46,40,10.36,scattered clouds
615,Schoningen,DE,52.138,10.9675,45.0,80,99,22.48,overcast clouds
616,Margate,GB,51.3813,1.3862,42.51,81,100,7.7,overcast clouds
617,Paredon,MX,16.0333,-93.8667,77.61,76,2,4.65,clear sky
618,Jiangyan,CN,32.5061,120.1428,51.3,24,15,8.52,few clouds
619,Bairiki,KI,1.3292,172.9752,84.2,74,75,13.8,light rain
620,De-Kastri,RU,51.4667,140.7833,-2.65,83,6,5.46,clear sky
621,Tura,IN,25.5198,90.2201,71.1,47,0,3.8,clear sky
622,Kununurra,AU,-15.7667,128.7333,102.18,37,20,6.91,few clouds
623,Walvis Bay,NA,-22.9575,14.5053,59.09,76,2,3.44,clear sky
624,Karibib,NA,-21.9333,15.8333,68.14,30,19,3.69,few clouds
625,Puri,IN,19.8,85.85,73.92,52,0,11.7,clear sky
626,Alliston,CA,44.1501,-79.8663,26.71,83,90,4.0,overcast clouds
627,Mostovskoy,RU,44.4122,40.7936,31.66,86,99,5.55,overcast clouds
628,Saint-Augustin,CA,51.226,-58.6502,12.6,66,25,22.44,scattered clouds
629,Sumedang,ID,-6.8592,107.9207,86.27,63,98,3.69,overcast clouds
630,Sechura,PE,-5.5569,-80.8222,69.48,77,100,12.33,overcast clouds
631,Concordia,AR,-31.393,-58.0209,71.78,73,0,5.99,clear sky
632,Rosamorada,MX,22.1222,-105.2058,67.05,87,87,2.15,overcast clouds
633,Verkhoturye,RU,58.8627,60.8054,10.98,94,100,7.9,light snow
634,Luanda,AO,-8.8368,13.2343,75.81,88,99,8.14,overcast clouds
635,Molteno,ZA,-31.3968,26.3625,57.29,73,100,11.7,overcast clouds
636,Genhe,CN,50.7833,121.5167,5.81,85,99,5.46,overcast clouds
637,Emerald,AU,-23.5333,148.1667,90.34,28,0,7.87,clear sky
638,Rameswaram,IN,9.2833,79.3,78.85,73,69,20.33,broken clouds
639,Egvekinot,RU,66.3167,-179.1667,1.51,96,100,13.87,snow
640,Tagusao,PH,9.1924,117.8141,85.87,66,100,3.06,overcast clouds
641,Zaysan,KZ,47.4667,84.8667,16.32,83,84,1.3,broken clouds
642,Antigonish,CA,45.6169,-61.9986,31.05,76,100,7.29,overcast clouds
643,Bagrami,AF,34.4938,69.2743,39.78,22,63,3.42,broken clouds
644,Grand-Santi,GF,4.25,-54.3833,71.78,100,52,2.44,broken clouds
645,Santa Cruz De La Palma,ES,28.6835,-17.7642,68.14,64,75,6.91,broken clouds
646,Bathsheba,BB,13.2167,-59.5167,79.41,78,40,23.02,scattered clouds
647,Candolim,IN,15.5181,73.7626,80.02,39,24,10.2,few clouds
648,Lewisporte,CA,49.2499,-55.0482,23.38,73,100,19.17,overcast clouds
649,Terrace,CA,54.5163,-128.6035,15.71,73,1,20.71,clear sky
650,Los Llanos De Aridane,ES,28.6585,-17.9182,64.15,64,75,6.91,broken clouds
651,Poletayevo,RU,55.0336,61.1138,21.02,97,100,4.9,light snow
652,Shetpe,KZ,44.1667,52.1167,39.87,82,100,1.48,overcast clouds
653,Tomohon,ID,1.3346,124.8392,72.54,77,79,3.56,broken clouds
654,Havelock,US,34.8791,-76.9013,66.97,92,1,5.99,clear sky
655,Tsiroanomandidy,MG,-18.7667,46.0333,75.81,67,21,0.49,few clouds
656,Volovo,UA,48.5246,23.5056,30.13,97,100,3.83,light snow
657,Mokhsogollokh,RU,61.4681,128.9203,-35.37,98,94,1.81,overcast clouds
658,Freeport,US,40.6576,-73.5832,49.03,82,90,1.01,mist
659,Mawlaik,MM,23.6333,94.4167,76.62,46,0,3.04,clear sky
660,Bay City,US,43.5945,-83.8889,30.76,87,90,5.01,overcast clouds
661,Vanavara,RU,60.34,102.2797,-31.43,92,18,3.76,few clouds
662,Markala,ML,13.7021,-6.0659,71.31,19,6,8.86,clear sky
663,Mogocha,RU,53.7333,119.7667,-2.96,84,100,2.3,overcast clouds
664,Kamachumu,TZ,-1.6186,31.62,64.11,89,93,5.61,light rain
665,Nisia Floresta,BR,-6.0911,-35.2086,79.61,83,19,6.8,few clouds
666,Mogadishu,SO,2.0371,45.3438,82.27,83,75,13.8,broken clouds
667,Kimbe,PG,-5.5502,150.1429,80.35,85,100,0.54,light rain
668,Dong Hoi,VN,17.4833,106.6,66.22,81,100,21.47,overcast clouds
669,Monte Escobedo,MX,22.3,-103.5833,51.06,45,96,0.67,overcast clouds
670,Ixtapa,MX,20.7,-105.2,73.22,88,90,0.0,overcast clouds
671,Nha Trang,VN,12.25,109.1833,75.2,77,100,11.72,overcast clouds
672,Yarovoye,RU,52.9273,78.58,22.37,95,100,9.01,overcast clouds
673,Vavuniya,LK,8.7514,80.4971,81.77,62,99,6.87,overcast clouds
674,Brigham City,US,41.5102,-112.0155,23.23,80,40,1.01,scattered clouds
675,Cukai,MY,4.25,103.4167,77.14,93,100,5.3,overcast clouds
676,Dandong,CN,40.1292,124.3947,34.03,37,4,5.14,clear sky
677,La Palma,US,33.8464,-118.0467,60.84,76,1,0.0,clear sky
678,Kaeo,NZ,-35.1,173.7833,74.32,65,0,7.7,clear sky
679,Hidalgotitlan,MX,17.7833,-94.6333,72.3,95,0,2.73,clear sky
680,El Vigia,VE,8.6219,-71.6506,75.0,91,89,1.57,overcast clouds
681,Pundaguitan,PH,6.3711,126.1689,83.3,76,31,10.09,scattered clouds
682,Port Lincoln,AU,-34.7333,135.8667,64.51,46,100,20.54,overcast clouds
683,Sosva,RU,59.1766,61.8558,12.63,95,100,7.09,light snow
684,Port Hueneme,US,34.1478,-119.1951,59.54,47,1,8.05,clear sky
685,Sena Madureira,BR,-9.0656,-68.6569,73.94,99,100,2.42,moderate rain
686,Ossora,RU,59.2353,163.0719,-8.46,86,1,6.78,clear sky
687,Terra Santa,BR,-2.1042,-56.4869,74.95,94,100,1.48,overcast clouds
688,Karasjok,NO,69.4719,25.5112,24.91,90,99,12.8,overcast clouds
689,Chase,CA,50.8165,-119.6857,26.13,96,99,2.35,light snow
